noteId	noteAuthorParticipantId	createdAtMillis	tweetId	classification	believable	harmful	validationDifficulty	misleadingOther	misleadingFactualError	misleadingManipulatedMedia	misleadingOutdatedInformation	misleadingMissingImportantContext	misleadingUnverifiedClaimAsFact	misleadingSatire	notMisleadingOther	notMisleadingFactuallyCorrect	notMisleadingOutdatedButNotWhenWritten	notMisleadingClearlySatire	notMisleadingPersonalOpinion	trustworthySources	summary	isMediaNote	isCollaborativeNote	lang	summary_en	topic	topic_confidence	political_subcategory	political_subcat_conf
1957648685325815909	85D0D0A2307ED7947472F685B97D15F86B61C8B48C8160498DFC3A0CCA3B61CC	1755574792593	1957507861808136594	MISINFORMED_OR_POTENTIALLY_MISLEADING				0	0	1	0	0	0	0	0	0	0	0	0	1	This is an AI generated image.    Check the shoes after French President Macron.    https://x.com/ramprasad_c/status/1957507861808136594	0	0	en	This is an AI generated image.    Check the shoes after French President Macron.    https://x.com/ramprasad_c/status/1957507861808136594	fashion_&_style	0.9492321014404297	nan	
1463572785310179335	2FF588C5DC0FB919866D984848DFB07BE837710F36D5DEAB8DA60342A4AF240F	1637777918544	1463152760266891268	MISINFORMED_OR_POTENTIALLY_MISLEADING	BELIEVABLE_BY_MANY	CONSIDERABLE_HARM	EASY	0	1	0	0	1	0	0	0	0	0	0	0	1	While a 6.2% inflation rate is high, it's certainly not &quot;Double-digit&quot;.    https://www.nytimes.com/2021/11/10/business/economy/consumer-price-inflation-october.html	0	0	en	While a 6.2% inflation rate is high, it's certainly not &quot;Double-digit&quot;.    https://www.nytimes.com/2021/11/10/business/economy/consumer-price-inflation-october.html	news_&_social_concern	0.9933589100837708	107 - Internationalism: Positive	0.046996504068374634
1901661937722884579	EE48222CCC6ED6AF094A4381B64386AA161692EC64A575B035A94EB46305AEA6	1742226511780	1901370386014425204	NOT_MISLEADING				0	0	0	0	0	0	0	0	1	0	0	0	0	NNN - A polícia militar não faz contabilização de público conforme nota oficial do próprio órgão.	0	0	pt	NNN - The military police do not make public accounting according to the official note of the body itself.	news_&_social_concern	0.9963055849075317	102 - Foreign Special Relationships: Negative	0.03497592359781265
1788583529007206841	967F488FBD3587A666A188B215A825FE37E4548A49AC691CEA20A7CFCA978FB5	1715266518247	1788570732315701589	NOT_MISLEADING				0	0	0	0	0	0	0	0	0	0	0	1	1	NNN; after the US, Germany is also by far the biggest supplier of weapons to Israel. Their funding to UNWRA doesn't make the OP's post misleading or inaccurate in any way. If you disagree with the point he's making, then put it in a reply.  https://www.bbc.co.uk/news/world-middle-east-68737412	0	0	en	NNN; after the US, Germany is also by far the biggest supplier of weapons to Israel. Their funding to UNWRA doesn't make the OP's post misleading or inaccurate in any way. If you disagree with the point he's making, then put it in a reply.  https://www.bbc.co.uk/news/world-middle-east-68737412	news_&_social_concern	0.9956134557723999	203 - Constitutionalism: Positive	0.03740081191062927
1847267085191196937	0731EBB4CA6E206AD85D5A5789CD524C62A99F3E0ED3A6A9DBC63C36437E1761	1729257768330	1846156113013530923	MISINFORMED_OR_POTENTIALLY_MISLEADING				0	1	0	0	1	0	0	0	0	0	0	0	1	El titular es incorrecto. Taylor Swift no tiene responsabilidad sobre la licencia del Bernabéu. Las multas son al Real Madrid, nunca a los artistas que dieron los conciertos.    https://www.eldiario.es/madrid/somos/ayuntamiento-madrid-multa-277-000-euros-ruido-excesivo-promotores-conciertos-bernabeu_1_11731891.amp.html	0	0	es	The penalty is to Real Madrid, never to the artists who gave the concerts. https://www.eldiario.es/madrid/somos/municipality-madrid-multa-277-000-euros-ruise-excessive-promotors-concerts-bernabeu_1_11731891.amp.html	sports	0.8883510231971741	nan	
1654223972047699972	854AAA07082F68EFF1A2E287C051EF1810580A47C4E5C97825E157561123037B	1683232703587	1653979399497342977	MISINFORMED_OR_POTENTIALLY_MISLEADING				0	1	0	0	1	0	0	0	0	0	0	0	1	He was an illegal immigrant who was deported 4 times and convicted of DUI. He would not have been legally able to purchase or own any firearm. He is a Mexican National.    https://www.newsweek.com/texas-shooting-suspect-deportations-timeline-francisco-oropesa-1797667	0	0	en	He was an illegal immigrant who was deported 4 times and convicted of DUI. He would not have been legally able to purchase or own any firearm. He is a Mexican National.    https://www.newsweek.com/texas-shooting-suspect-deportations-timeline-francisco-oropesa-1797667	news_&_social_concern	0.9944461584091187	102 - Foreign Special Relationships: Negative	0.03938422352075577
1747761125033398726	DDB67C65FDB4F1B8BE32469B5DF731FA8EB93C3EF57DA80365E16DE12C0E56AF	1705533698696	1747473309724246100	NOT_MISLEADING				0	0	0	0	0	0	0	1	0	0	0	0	1	NNN: The ad does not claim to be the manufacturer of this product    Many products we buy everyday on multiple platforms (Amazon, eBay, etc) use drop shipping, this does not inherently mean the products/ads are scams or poor quality    Nor does this ad violate X.com’s ads policy  https://business.twitter.com/en/help/ads-policies.html	0	0	en	NNN: The ad does not claim to be the manufacturer of this product    Many products we buy everyday on multiple platforms (Amazon, eBay, etc) use drop shipping, this does not inherently mean the products/ads are scams or poor quality    Nor does this ad violate X.com’s ads policy  https://business.twitter.com/en/help/ads-policies.html	business_&_entrepreneurs	0.9872064590454102	nan	
1927541962753638761	38A85A0F10ED427CA16AED0930591FBEE18F49F50DEC836544E0359CD0DB4AFB	1748396790575	1927482687188512922	MISINFORMED_OR_POTENTIALLY_MISLEADING				0	1	0	0	1	1	0	0	0	0	0	0	1	This is a lie.    Image depicts one of the direct distribution centers of food in Gaza.    https://ground.news/article/chaos-erupts-on-first-day-of-us-backed-aid-distribution-in-gaza-after-weeks-of-hunger-news-channel-3-12_98f323	0	0	en	This is a lie.    Image depicts one of the direct distribution centers of food in Gaza.    https://ground.news/article/chaos-erupts-on-first-day-of-us-backed-aid-distribution-in-gaza-after-weeks-of-hunger-news-channel-3-12_98f323	news_&_social_concern	0.9972991347312927	203 - Constitutionalism: Positive	0.030422529205679893
1684500650225287168	08A58A2339B5614D3D6DFF42F4CD39740E43F5EBED4FCBF66141E1F9DE105C4E	1690451226180	1644069097330692118	NOT_MISLEADING				0	0	0	0	0	0	0	0	1	0	1	1	0	the chicken fried	0	0	en	the chicken fried	food_&_dining	0.9195464253425598	nan	
1795396707242414584	C55AF5AC7AACE01E8C4223CB0794BE4513E56A0F5021229A58DB7FC40C4BFCE3	1716890906522	1793292956029313463	MISINFORMED_OR_POTENTIALLY_MISLEADING				0	1	0	0	0	1	0	0	0	0	0	0	1	Bandera was a Nazi collaborator. His OUN militias held police power in occupied Ukraine and were significantly involved in pogroms against Jewish civilians. Aspirations for an independent Ukraine led to his arrest, but he was imprisoned as an &quot;honorary prisoner&quot; by the Nazis.     https://en.wikipedia.org/wiki/Stepan_Bandera	0	0	en	Bandera was a Nazi collaborator. His OUN militias held police power in occupied Ukraine and were significantly involved in pogroms against Jewish civilians. Aspirations for an independent Ukraine led to his arrest, but he was imprisoned as an &quot;honorary prisoner&quot; by the Nazis.     https://en.wikipedia.org/wiki/Stepan_Bandera	news_&_social_concern	0.9926220178604126	203 - Constitutionalism: Positive	0.030841192230582237
1782343485611483491	3BDA4764A076313E695CA1D41ECF15CE19A268ABD7E9944223C569E44215D16C	1713778775968	1781991260003107112	MISINFORMED_OR_POTENTIALLY_MISLEADING				0	1	0	0	1	1	0	0	0	0	0	0	1	Lance Stroll crashed into the rear of Daniel Ricciardo due to him focusing on the corner than the car in front.    Daniel Ricciardo pointed it out during a post race interview: https://twitter.com/SkySportsF1/status/1781978771609800970  	0	0	en	Lance Stroll crashed into the rear of Daniel Ricciardo due to him focusing on the corner than the car in front.    Daniel Ricciardo pointed it out during a post race interview: https://twitter.com/SkySportsF1/status/1781978771609800970  	sports	0.9956232905387878	nan	
1715658344617136264	A7A1B54A0C554717A39E76BD1386E283E0D3872BD68775E544C19F52146A0EF1	1697879799401	1715421512881119431	MISINFORMED_OR_POTENTIALLY_MISLEADING				0	0	0	0	1	0	0	0	0	0	0	0	1	L'ARS Pays de la Loire assure que le malaise n'est pas en lien direct avec la vaccination, mais lié au &quot;stress provoqué par la vaccination&quot;.    https://www.francebleu.fr/infos/societe/la-vaccination-contre-le-papillomavirus-suspendue-en-loire-atlantique-apres-le-malaise-d-un-adolescent-4172992  https://www.20minutes.fr/faits_divers/4058850-20231020-vaccin-contre-papillomavirus-collegien-nantais-etat-preoccupant-apres-malaise    Par ailleurs, la vaccination contre le HPV contribue à réduire les risque de différents cancers chez l'homme et la femme.    https://www.vidal.fr/medicaments/utilisation/vaccins/vaccin-papillomavirus.html	0	0	fr	The ARS Pays de la Loire assures that the discomfort is not directly related to vaccination, but is related to the &quot;stress caused by vaccination&quot;. https://www.francebleu.fr/infos/societe/la-vaccination-contra-the-papillomavirus-suspended-in-law-Atlantic-avres-the-malaise-d-a-adolescent-4172992 https://www.20minutes.fr/faits_divers/	fitness_&_health	0.9745364189147949	nan	
1762863288931528719	4116F79E386D129A62CE931013026F8D1E1C53D81B9BA26F7B1A340F7951FC61	1709134335154	1762796899344523299	MISINFORMED_OR_POTENTIALLY_MISLEADING				0	0	0	0	1	0	0	0	0	0	0	0	1	The PD1 helpline is not just for wealthy individuals/businesses. Government employees, MPs and sensitive cases, may need to contact PD1. The taxpayers that need to contact PD1 are decided based on potential risks. As a Lord, Lord Sikka would likely also need to call PD1.    https://www.gov.uk/tell-hmrc-change-of-details/gender-change  https://commonslibrary.parliament.uk/content/uploads/2023/01/9675-HMRC-MP-Casework-Guide_accessible.pdf	0	0	en	The PD1 helpline is not just for wealthy individuals/businesses. Government employees, MPs and sensitive cases, may need to contact PD1. The taxpayers that need to contact PD1 are decided based on potential risks. As a Lord, Lord Sikka would likely also need to call PD1.    https://www.gov.uk/tell-hmrc-change-of-details/gender-change  https://commonslibrary.parliament.uk/content/uploads/2023/01/9675-HMRC-MP-Casework-Guide_accessible.pdf	news_&_social_concern	0.9987255930900574	105 - Military: Negative	0.03002050891518593
1687464668355522561	FF0066C905A3063A84C3F73F8CE820F4A66FE408B649C979FBA6F602BE21C97E	1691157903171	1687264989638541312	NOT_MISLEADING				0	0	0	0	0	0	0	1	0	0	0	0	1	コミュニティノートを張ること自体はよいのですが、リンクの  https://www.moj.go.jp/isa/applications/guide/tetuduki_taikyo_qa.htm  は  https://www.moj.go.jp/isa/applications/guide/tetuduki_taikyo_qa.html  のtypoだと思われます。最後のlが抜けています。	0	0	ja	It is good to keep a community note on its own, but the link https://www.moj.go.jp/isa/applications/guide/tetuduki_taikyo_qa.htm is the type of https://www.moj.go.jp/isa/applications/guide/tetuduki_taikyo_qa.html.	news_&_social_concern	0.8444422483444214	413 - Nationalisation	0.03529536351561546
1861513120138830062	111F4A03D7F1923DCEC73DD8595474B5BFA1C4E88D3224D24348DD08B82C38D9	1732654287740	1861512394138079474	MISINFORMED_OR_POTENTIALLY_MISLEADING				0	0	0	0	1	0	0	0	0	0	0	0	1	⚠️ Deceptive site ahead    Potential threats on xn--mntrachain-3gb[.]io include:      * Fake versions of MetaMask    * Secret Recovery Phrase or password theft    * Malicious transactions resulting in stolen assets    Advisory provided by Ethereum Phishing Detector and Web3 Antivirus - https://web3antivirus.io/scam-report/561300/	0	0	en	⚠️ Deceptive site ahead    Potential threats on xn--mntrachain-3gb[.]io include:      * Fake versions of MetaMask    * Secret Recovery Phrase or password theft    * Malicious transactions resulting in stolen assets    Advisory provided by Ethereum Phishing Detector and Web3 Antivirus - https://web3antivirus.io/scam-report/561300/	science_&_technology	0.9747897982597351	nan	
1738378653929472376	3F5B01B0048C20F868BDA404F0210ADE15EB0AD037527CC34D387726C07DDF50	1703296743262	1738085227220681122	NOT_MISLEADING				0	0	0	0	0	0	0	0	0	0	1	0	0	NNN. Es un meme.	0	0	ca	It is a meme.	news_&_social_concern	0.7805665135383606	401 - Free Market Economy	0.029979145154356956
1781895048134541575	8E2B7FC6B512A4AE8DEA39CCA3A29D7A5046F182D0A038D8BDC5D75DCAC68462	1713671860142	1781785206678269972	MISINFORMED_OR_POTENTIALLY_MISLEADING				0	0	0	1	1	1	0	0	0	0	0	0	1	Communist U.S.S.R., China and preceding Mao guerrillas, Khmer Rouge Cambodia, Vietnam, and Yugoslavia, as well as Nazi Germany, account for 128mil deaths by democide. This posts usage of “killing” and “dictator” is misleading.     https://www.hawaii.edu/powerkills/POWER.ART.HTM	0	0	en	Communist U.S.S.R., China and preceding Mao guerrillas, Khmer Rouge Cambodia, Vietnam, and Yugoslavia, as well as Nazi Germany, account for 128mil deaths by democide. This posts usage of “killing” and “dictator” is misleading.     https://www.hawaii.edu/powerkills/POWER.ART.HTM	news_&_social_concern	0.9932373762130737	401 - Free Market Economy	0.033540163189172745
1813182836746428900	6F8D01FAFA94F6F5B60F1D81D5CD23AAFFC7683B8DA2810B575074B4F2F07A07	1721131450247	1812055365871136775	MISINFORMED_OR_POTENTIALLY_MISLEADING				0	0	0	0	1	1	0	0	0	0	0	0	1	資産家や有名人、企業等を騙る、お金配りやPayPay配布詐欺等が横行しています。    ○記事  ① Xでの「お金配り」投稿に注意　特殊詐欺グループが関与か  https://nordot.app/1139706578399822471  ②X（旧Twitter）お金あげますお金配り詐欺に注意！知らないうちに運び屋になる仕組みや目的を解説  https://koneta.nifty.com/koneta_detail/1141008020764_1.htm  ③“paypay配布”ってマジ！？怪しさ満点のお金配りアカウントに突撃してみた  https://otakuma.net/archives/2024040802.html    ○想定される被害  ・特殊詐欺に巻き込まれる  ・金銭を騙し取られる  ・迷惑DM等が届くようになる    ○参考  ・取材  https://www3.nhk.or.jp/news/special/net-koukoku/article/article_17.html    ・目的  https://internet.watch.impress.co.jp/docs/column/dlis/1445583.html  https://news.yahoo.co.jp/expert/articles/41f86b011cc90c9036a6b2564965bc132582634b  https://www.all-senmonka.jp/moneyizm/77501/  https://securitynews.so-net.ne.jp/topics/sec_20066.html  https://mame-yaro.com/present/	0	0	ja	The assets, celebrities, companies, etc. are cheating, pay-distribution and PayPay distribution fraud, etc. • Article 1 X “pay-distribution” post notice Special fraud group is involved or https://nordot.app/11397078399822471 2X (Old Twitter) pay-distribution fraud attention! Unknown to the means and purpose of becoming a carrier explain https://koneta.nifty.com/koneta_detail/1141008020764_1.htm 3 “pay-distribution	business_&_entrepreneurs	0.9730439782142639	nan	
1840044356801114447	9A9804E2615C31A2FD05B0B466ABD0F6CDCE1FA9573EE7CDE0F10FA8D373A9DA	1727535735689	1839749483506119147	MISINFORMED_OR_POTENTIALLY_MISLEADING				0	1	0	0	1	0	0	0	0	0	0	0	1	This is not Hassan Nasralla.    https://www.aljazeera.com/amp/news/2024/9/28/hassan-nasrallah-hezbollah-leader-killed-in-beirut-in-israeli-strike	0	0	en	This is not Hassan Nasralla.    https://www.aljazeera.com/amp/news/2024/9/28/hassan-nasrallah-hezbollah-leader-killed-in-beirut-in-israeli-strike	news_&_social_concern	0.9923123717308044	413 - Nationalisation	0.03042766824364662
1894487326044426347	4C200B2C7AA1A836884493EAF45B9D128D1FFCA27F9A5C7A8BC98693F82B525B	1740515951058	1894126415932526802	MISINFORMED_OR_POTENTIALLY_MISLEADING				0	0	0	0	0	0	1	0	0	0	0	0	1	Trump is a cockwomble.  Www.trumpisacockwomble.com	0	0	en	Trump is a cockwomble.  Www.trumpisacockwomble.com	news_&_social_concern	0.987794041633606	413 - Nationalisation	0.03353777900338173
1777062156975870106	55E35246E8F2B36CAB2E71135FCD1681049AAFFC90C4210C55B95CA915857BDD	1712519609099	1777031427512484168	NOT_MISLEADING				0	0	0	0	0	0	0	0	0	0	0	1	1	Als je denkt dat het Verenigd Koninkrijk niet in Europa ligt moet je terug naar school - niet community notes schrijven.    https://en.m.wikipedia.org/wiki/List_of_sovereign_states_and_dependent_territories_in_Europe	0	0	nl	If you think the UK is not in Europe you should go back to school - not write community notes. https://en.m.wikipedia.org/wiki/List_of_sovereign_states_and_dependent_territories_in_Europe	news_&_social_concern	0.8261311650276184	302 - Centralisation	0.04178355261683464
1833475497633997012	72BB23C0C7BBF8EC8A1CFBC3FA63B00E32977007ABB5EE62AAC7A5E38EEF4847	1725969597621	1832999557837295668	MISINFORMED_OR_POTENTIALLY_MISLEADING				0	0	0	1	1	0	1	0	0	0	0	0	1	このアカウントは公式と謳っていますが非公式アカウントです。  本来の公式アカウントは  @DREAMIsLANDinfo  https://x.com/DREAMIsLANDinfo  です。    また、公式アカウントに見せかけてプレゼント配布などを行う旨を記載していますが、STATO社より以下の注意喚起があります。    ＞偽サイトや偽SNSアカウントに情報を取得されると、クレジットカードの不正利用被害やSNSアカウント乗っ取りなど、サイバー犯罪に遭ってしまう可能性があります。  https://starto.jp/s/p/group/detail/matters#matters_13163    公式アカウントであるかどうか、そして情報の正確性に留意する必要があります。	0	0	ja	This account is officially known but an informal account. The original official account is @DREAMIsLANDinfo https://x.com/DREAMIsLANDinfo. It also describes the intention of showing the gifts and otherwise to do the official account, but there are the following alertations from STATO. > If you get information from a false site or a false SNS account, you may be subjected to cyber crime, such as credit card misuse or SNS account overthrow. https://starto.jp/s/p/group	news_&_social_concern	0.5086559653282166	105 - Military: Negative	0.03573692962527275
1898254216411709516	120299F36CF4DA12A538F7993472A6C0C60EF0A10B123B271AA118FF4EB80DD5	1741414047708	1898215037380010210	MISINFORMED_OR_POTENTIALLY_MISLEADING				1	0	0	0	0	0	0	0	0	0	0	0	1	ポストの盗用です。    https://x.com/ZEGpIweUFt41760/status/1897922437737849184	0	0	ja	The post is stolen. https://x.com/ZEGpIweUFt41760/status/1897922437737849184	news_&_social_concern	0.8449044823646545	102 - Foreign Special Relationships: Negative	0.03288433700799942
2009365701467795672	C9A9BE3346A071C7FDE52DDFB007B495050E70655D86A46488854F36E25C53EE	1767905090096	2009312232048377905	MISINFORMED_OR_POTENTIALLY_MISLEADING				0	0	0	1	1	0	0	0	0	0	0	0	1	This video from Hebron, not Syria.     https://x.com/trtworld/status/2009134685763588386	0	0	en	This video from Hebron, not Syria.     https://x.com/trtworld/status/2009134685763588386	news_&_social_concern	0.9930317401885986	203 - Constitutionalism: Positive	0.03181447088718414
1835755822984376516	9DFD10B31E5CD8E58CD6E211E0A1268F63E33B1B762B4A1074FCD4240A940477	1726513269549	1835058959637762507	MISINFORMED_OR_POTENTIALLY_MISLEADING				0	0	0	0	1	0	0	0	0	0	0	0	1	Neither a question nor an opinion.  OP denies factual evidence, of which are heaps in digital age, that points to the contrary of the statement. Simple fact that it is Putin who is under ICC investigation should be enough       https://foreignpolicy.com/2024/04/23/russia-ukraine-cultural-genocide-looting-indoctrination-deporatation/    https://www.icc-cpi.int/news/situation-ukraine-icc-judges-issue-arrest-warrants-against-vladimir-vladimirovich-putin-and	0	0	en	Neither a question nor an opinion.  OP denies factual evidence, of which are heaps in digital age, that points to the contrary of the statement. Simple fact that it is Putin who is under ICC investigation should be enough       https://foreignpolicy.com/2024/04/23/russia-ukraine-cultural-genocide-looting-indoctrination-deporatation/    https://www.icc-cpi.int/news/situation-ukraine-icc-judges-issue-arrest-warrants-against-vladimir-vladimirovich-putin-and	news_&_social_concern	0.9956550598144531	203 - Constitutionalism: Positive	0.04454914107918739
1922698099769639395	8BDDFE9DE69F1CF286922AD4D2986282DAA30A16BAE42513C26B2C0849430681	1747241923645	1922602761033564487	MISINFORMED_OR_POTENTIALLY_MISLEADING				0	1	0	0	0	0	0	0	0	0	0	0	1	Heaven is not back in training with Manchester United.    https://www.manutd.com/en/news/detail/man-utd-train-at-carrington-in-front-of-mutv-cameras-on-14-may?t=y	0	0	en	Heaven is not back in training with Manchester United.    https://www.manutd.com/en/news/detail/man-utd-train-at-carrington-in-front-of-mutv-cameras-on-14-may?t=y	sports	0.9922178983688354	nan	
1773374335358554398	7EF1AC2D57D17C09968173D5C38BA0469EB8C06A953F8071F1771D5748BC0E3B	1711640363906	1773028708212715609	NOT_MISLEADING				0	0	0	0	0	0	0	0	0	0	0	1	0	NNN, Volové, jak se pozná placený úsek ve vlaku?	0	0	cs	How do you know the paid section in the train?	diaries_&_daily_life	0.9636408090591431	nan	
1836476879391334419	9D2EA569A06CC2D4CFB8352E78EDCBEC940875B29C6405357743555EB6343E07	1726685182793	1836316149438402660	MISINFORMED_OR_POTENTIALLY_MISLEADING				0	1	0	0	0	0	0	0	0	0	0	0	1	La personne interrogée parle sûrement de son salaire net après impôt.  Une personne qui gagne 3900e/mois net après impôts, gagne environ 4650e/mois net avant impôts, soit une différence d'environ 9000e lié à l'impôt sur une année.    https://simulateur-ir-ifi.impots.gouv.fr/calcul_impot/2024/  	0	0	fr	A person who earns 3900e/month net after taxes earns about 4650e/month net before taxes, or a difference of about 9000e related to tax over a year. https://simulator-ir-ifi.impots.gouv.fr/calcul_impot/2024/	business_&_entrepreneurs	0.9334110617637634	nan	
2007649587033407582	21BD34E6F7770B429A9DC3FDFBCDF86F0857DED707C554BD9FFC928302861993	1767495936531	2007647162348515376	MISINFORMED_OR_POTENTIALLY_MISLEADING				0	1	0	0	0	1	0	0	0	0	0	0	1	Zero indication Trump uses amphetamines.    https://www.cbsnews.com/news/trump-walter-reed-yearly-checkup-annual-physical-examination/	0	0	en	Zero indication Trump uses amphetamines.    https://www.cbsnews.com/news/trump-walter-reed-yearly-checkup-annual-physical-examination/	news_&_social_concern	0.9939024448394775	105 - Military: Negative	0.04102213680744171
1726949789550424080	3DCB8E62727FA7690F9B71C393A373DBCF658065FF021430ADFF8443208093D4	1700571889659	1726689265793507675	NOT_MISLEADING				0	0	0	0	0	0	0	0	1	0	0	0	1	NNN information factuelle et vérifiée, merci d'arrêter d'abuser des notes de la communauté	0	0	fr	NNN factual and verified information, please stop abusing community notes	news_&_social_concern	0.9896373152732849	413 - Nationalisation	0.03154698386788368
1680451048631066625	DD2E31E462BDA2C5F11DFDDF677374E291393689F4CAECDBBC9011AD39930791	1689485725921	1679724967628509184	NOT_MISLEADING				0	0	0	0	0	0	0	0	1	0	0	0	0	Can confirm, the test passed. No error was returned.	0	0	en	Can confirm, the test passed. No error was returned.	diaries_&_daily_life	0.9419273138046265	nan	
1790799911945896219	7B591AEEF76B868FA6CB2198D1705F7950EACE82028E4C402A9F2836B543C593	1715794945120	1790459450609869110	MISINFORMED_OR_POTENTIALLY_MISLEADING				0	0	0	1	0	0	0	0	0	0	0	0	1	Quem salvou o cavalo foi uma equipe do Corpo de Bombeiros do estado de SP.    https://g1.globo.com/rs/rio-grande-do-sul/noticia/2024/05/09/resgate-do-cavalo-caramelo-entenda-como-animal-foi-retirado-de-cima-do-telhado-no-rs.ghtml    https://www.jornalcruzeiro.com.br/sorocaba/noticias/2024/05/732678-veterinario-de-sorocaba-participa-do-salvamento-do-cavalo-caramelo.html	0	0	pt	Who saved the horse was a team of the State Fire Corps of SP. https://g1.globo.com/rs/rio-grande-do-sul/noticia/2024/05/09/resgate-do-cavalo-caramel-entenda-like-animal-fire-retirate-do-cavalo-no-rs.ghtml https://www.jornalcruzeiro.com.br/sorocaba/noticias/2024/05/732678-veterinario-de-sorocaba-participate	news_&_social_concern	0.9949548840522766	606 - Civic Mindedness: Positive	0.03658256307244301
1740180920122970396	FEA6D64A67F42037767AB96A48C124BDE388BDF652563CA28D19EC0E38F2CD00	1703726437011	1740062670026678669	MISINFORMED_OR_POTENTIALLY_MISLEADING				0	1	0	0	1	1	1	0	0	0	0	0	1	Esta es una fotografía de la activista Renata Villareal con su hijo.    https://twitter.com/Re_Villarreal/status/1739340666474205310?t=m7fe5NLnOGWJ3EDEhZOEGw&amp;s=19	0	0	es	This is a photo of activist Renata Villareal with her son. https://twitter.com/Re_Villarreal/status/1739340666474205310?t=m7fe5NLnOGWJ3EDEhZOEGw&amp;s=19	news_&_social_concern	0.9955682158470154	105 - Military: Negative	0.03222406283020973
2007969674835664907	FAD6D7ACE683BFA670BF3B9B903E5039492C83A6F59DC9CF4700DC7AE06C08B2	1767572251410	2007945827529224256	MISINFORMED_OR_POTENTIALLY_MISLEADING				0	1	0	0	1	1	0	0	0	0	0	0	1	El Decreto 949 de 2022, hoy vigente, define el valor de la Vivienda de Interés Social en salarios mínimos, no en pesos fijos.    Por lo  indexación de los topes de precios VIS y VIP al salario mínimo está establecida por ley, las constructoras no pueden violar la ley.    https://www.funcionpublica.gov.co/eva/gestornormativo/norma.php?i=187326	0	0	es	Decree 949 of 2022, today in force, defines the value of the Housing of Social Interest in minimum wages, not in fixed weights. by the indexation of the top of VIS and VIP prices to minimum wages is established by law, the constructors cannot violate the law. https://www.funcionpublica.gov.co/eva/gestornormativo/norma.php?i=187326	news_&_social_concern	0.9932547211647034	304 - Political Corruption	0.030888235196471214
1778149844638416907	EDED41F9C2CF30908803A0D6C0E0FF2F844FD294754E7625B6C6CA9EB2E82BF1	1712778934047	1778148369887863096	MISINFORMED_OR_POTENTIALLY_MISLEADING				1	0	0	0	0	0	0	0	0	0	0	0	1	Ce tweet a été volé littéralement 1 minute après le poste de celui initial.   https://x.com/arobasewami/status/1778148148851909041?s=46	0	0	fr	This tweet was literally stolen 1 minute after the initial post. https://x.com/arobasewami/status/1778148148851909041?s=46	news_&_social_concern	0.8589485287666321	105 - Military: Negative	0.035752855241298676
1788634897323532357	2DAF915FE88A2D004E89E537FBA7D76AA838A66A4A75625317CF6AC06EFA1414	1715278765406	1788590878874857754	MISINFORMED_OR_POTENTIALLY_MISLEADING				0	1	0	0	0	0	0	0	0	0	0	0	1	Na verdade é um cavalo. Conforme a matéria no link     https://gauchazh.clicrbs.com.br/geral/noticia/2024/05/cavalo-caramelo-que-estava-em-telhado-e-resgatado-em-canoas-clvzc862v005y011hwt1h6tb6.html	0	0	pt	According to the matter on the link https://gauchazh.clicrbs.com.br/general/noticia/2024/05/cavalo-caramel-that-was-in-thl-e-rescued-in-canoas-clvzc862v005y011hwt1h6tb6.html	news_&_social_concern	0.994268536567688	413 - Nationalisation	0.03688913956284523
1763245561996583245	83F673FFF5F22311B8F8078AB697755B6D8647C891085786E665E41F1D2B1FBF	1709225476156	1762099875188232378	NOT_MISLEADING				0	0	0	0	0	0	0	0	1	0	0	0	0	Trump sold his interest in this property  and the post is correct NNN and no corrections necessary 	0	0	en	Trump sold his interest in this property  and the post is correct NNN and no corrections necessary 	news_&_social_concern	0.9826039671897888	304 - Political Corruption	0.032600078731775284
1715909654142668889	0D282831615845CFD074B3E4FFF41A651B2B298B4BD36DEC029FF3CF6CF55F40	1697939716265	1714504213202649457	MISINFORMED_OR_POTENTIALLY_MISLEADING				0	0	0	1	0	0	0	0	0	0	0	0	1	Dropshipping is the method being used here. While the listed price is $34, the actual cost is under $5.     Instead of receiving a stylish cardigan, the buyer will get a low-quality craft from China for their payment.    https://www.aliexpress.com/item/1005004911386951.html	0	0	en	Dropshipping is the method being used here. While the listed price is $34, the actual cost is under $5.     Instead of receiving a stylish cardigan, the buyer will get a low-quality craft from China for their payment.    https://www.aliexpress.com/item/1005004911386951.html	business_&_entrepreneurs	0.960211455821991	nan	
1864115196224025062	26150A6BCB28E37FCA8B54174712A0DC922F732DDE235420DEBEB9817035461B	1733274671023	1864113111814250915	MISINFORMED_OR_POTENTIALLY_MISLEADING				0	0	0	0	1	0	0	0	0	0	0	0	1	Este post contém um anúncio não divulgado para a empresa de apostas &quot;betnacional&quot;.    Isso vai contra os termos de serviço.    https://help.x.com/en/rules-and-policies/paid-partnerships-policy	0	0	pt	This post contains an unpublished ad to the betting company &quot;betnacional&quot;. This goes against the terms of service. https://help.x.com/en/rules-and-policies/paid-partnerships-policy	business_&_entrepreneurs	0.9756044745445251	nan	
1861353668726985156	0F809C7D43F4D558963CD83A3A6065ABA2B83FEED2C5EA47213BF9F2F2D2DB22	1732616271561	1861208789812228318	MISINFORMED_OR_POTENTIALLY_MISLEADING				1	1	0	0	1	0	0	0	0	0	0	0	1	You will not receive a picture in your DM. It is pure Engagement Farming. Its against Terms of service.  https://x.com/en/tos	1	0	en	You will not receive a picture in your DM. It is pure Engagement Farming. Its against Terms of service.  https://x.com/en/tos	science_&_technology	0.806779682636261	nan	
1686958637409820672	C9113EC38C2E3F562047F48D69E85BC649A11A4B804F90BACBAC72947B5F6B1A	1691037255991	1686831146544316416	MISINFORMED_OR_POTENTIALLY_MISLEADING				0	0	0	0	1	0	0	0	0	0	0	0	1	It should be noted that filet mignon is usually very expensive, often ranging from 30-40 dollars per pound     https://truorganicbeef.com/blogs/beef-wiki/filet-mignon-price-and-why-so-expensive    Also, it should be noted this is at whole foods, which has prices that are usually higher than that of normal grocery stores 	0	0	en	It should be noted that filet mignon is usually very expensive, often ranging from 30-40 dollars per pound     https://truorganicbeef.com/blogs/beef-wiki/filet-mignon-price-and-why-so-expensive    Also, it should be noted this is at whole foods, which has prices that are usually higher than that of normal grocery stores 	food_&_dining	0.9432732462882996	nan	
1950645324693090632	4C1C1D016459666C3028F9C29D5373D8A45C5BBC1CBBAF4CDDCBE32A9A540D49	1753905061301	1950602510332469639	NOT_MISLEADING				0	0	0	0	0	0	0	0	1	0	0	0	1	NNN-  O que &quot;evasão de sanções&quot; tem a ver com com uma empresa buscando mercado no Brasil? Deixe seu fanatismo político nos comentários, por favor!    www.google.com	0	0	pt	What does &quot;evasion of sanctions&quot; have to do with a company looking for a market in Brazil? Leave your political fanaticism in the comments, please! www.google.com	business_&_entrepreneurs	0.9631536602973938	nan	
2004223072698556911	5137902029849461ED71A55E38A7CAA269695C7FF16185F36E63ECA70D8E0CC3	1766678991852	2003894393175187479	NOT_MISLEADING				0	0	0	0	0	0	0	0	0	0	0	1	0	NNN- not misleading, there’s no claim about feathers	0	0	en	NNN- not misleading, there’s no claim about feathers	other_hobbies	0.32173460721969604	nan	
1756805224075764086	0F697F69BC8DA4B07EE361B390326901093BC93C60265A090C13A15644C9F67A	1707689979941	1756722632911712741	MISINFORMED_OR_POTENTIALLY_MISLEADING				0	1	0	0	1	1	0	0	0	0	0	0	1	There has been no official reports or statements from the GMP regarding the alleged offenders religion.  This account has a history of stirring up misinformation and anger towards certain races and religion without any real factual information.       https://www.manchestereveningnews.co.uk/news/greater-manchester-news/live-updates-morrisons-car-park-28612344	0	0	en	There has been no official reports or statements from the GMP regarding the alleged offenders religion.  This account has a history of stirring up misinformation and anger towards certain races and religion without any real factual information.       https://www.manchestereveningnews.co.uk/news/greater-manchester-news/live-updates-morrisons-car-park-28612344	news_&_social_concern	0.9945329427719116	401 - Free Market Economy	0.03929653391242027
1937990341157613916	3A39888E463638FEA6B6494926821D6E25917389841409CBCAC7EBBEEDFBF9B7	1750887878108	1937586435454042172	MISINFORMED_OR_POTENTIALLY_MISLEADING				0	1	0	0	1	0	0	0	0	0	0	0	1	Várias pessoas que trabalharam com Erika Hilton relataram que os dois assessores não têm as funções que deveriam ocupar, mas apenas acompanhavam a deputada para fazer sua maquiagem.    https://x.com/Metropoles/status/1937979836993310912	0	0	pt	Several people who worked with Erika Hilton that the two advisors did not have the functions they should take, but only accompanied the deputy to make their makeup. https://x.com/Metropoles/status/1937979836993310912	news_&_social_concern	0.9961404204368591	102 - Foreign Special Relationships: Negative	0.03197849914431572
2007499212741865574	52E7A08D7B6440C5276F03894E4029CE6828B191EF0AFE33FE7C60DC6DD25823	1767460084507	2007419672434749942	MISINFORMED_OR_POTENTIALLY_MISLEADING				1	0	0	0	0	0	0	0	0	0	0	0	1	This tweet is engagement farming which is against the X's TOS.    https://help.x.com/en/rules-and-policies	0	0	en	This tweet is engagement farming which is against the X's TOS.    https://help.x.com/en/rules-and-policies	news_&_social_concern	0.9403036832809448	413 - Nationalisation	0.03280427306890488
1770313765709623805	A696E674AEF2134E4F0009CC70C463581B1095B1872991E5467803CA17BFC6E1	1710910667241	1769930431083020317	MISINFORMED_OR_POTENTIALLY_MISLEADING				0	0	0	0	1	0	0	0	0	0	0	0	1	Guru PASTI bukan sukarelawan. Mereka dijanjikan bayaran gaji tetapi sering kali di bawah kadar gaji minima negara dan dinafikan caruman KWSP.     PASTI juga sedang disiasat pihak berkuasa kerana bayaran gaji di bawah gaji minima adalah satu kesalahan jenayah.     https://malaysiagazette.com/2024/03/19/kenapa-perlu-keluar-memo-siasat-pasti-tidak-babit-aktiviti-antara-pekerja-dan-majikan/	0	0	id	The teacher is not a volunteer. They are promised pay but often below the national minimum wage rate and denied the charuman of the KWSP. THE authorities are also being investigated because pay under the minimum wage is a criminal offence. https://malaysiagazette.com/2024/03/19/why-to-out-memo-such-to-not-babit-activity-inter-workers-and-workers/	news_&_social_concern	0.9802332520484924	413 - Nationalisation	0.03833090886473656
1981711420023623835	E8CD84A7502DBA91759117B9C8B113DDF465B993FB4C8F31310BAD52CED2BEDE	1761311795609	1981660616021459343	MISINFORMED_OR_POTENTIALLY_MISLEADING				0	1	0	1	0	1	0	0	0	0	0	0	1	The ballroom being constructed is for the use of future administrations and will save the spending on temporary tenting to host large parties. It is being funded by Trump with American owned corporations for The People’s use. Its completion may extend past Trumps term.  https://www.whitehouse.gov/briefings-statements/2025/07/the-white-house-announces-white-house-ballroom-construction-to-begin/	0	0	en	The ballroom being constructed is for the use of future administrations and will save the spending on temporary tenting to host large parties. It is being funded by Trump with American owned corporations for The People’s use. Its completion may extend past Trumps term.  https://www.whitehouse.gov/briefings-statements/2025/07/the-white-house-announces-white-house-ballroom-construction-to-begin/	news_&_social_concern	0.996826171875	601 - National Way of Life: Positive	0.03726818040013313
1775190896922779761	13AB296D6CD4D4C3F914B98AAC76DC842E47F8EE19E107F58D9073DDA2FCF33C	1712073465936	1775003994835841307	MISINFORMED_OR_POTENTIALLY_MISLEADING				0	0	0	0	1	0	0	0	0	0	0	0	1	The patient’s assessment and full list of conditions has not been released for reasons of medical privacy. ADHD and Autism are the conditions listed by her father, not her extensive medical record. To qualify for MAiD, Autism and ADHD are not sufficient.    https://www.cbc.ca/amp/1.7140782	0	0	en	The patient’s assessment and full list of conditions has not been released for reasons of medical privacy. ADHD and Autism are the conditions listed by her father, not her extensive medical record. To qualify for MAiD, Autism and ADHD are not sufficient.    https://www.cbc.ca/amp/1.7140782	fitness_&_health	0.9852789640426636	nan	
1892918890466029613	51FA7A995DE29BF1B895CAE49743697D24B0BEFF2FA7D7829853711D0E2BC6BA	1740142006877	1891747190357491801	MISINFORMED_OR_POTENTIALLY_MISLEADING				0	0	0	1	1	0	0	0	0	0	0	0	1	ここで述べられている「チケット販売の不手際」とは、下記の通りです。  ①ファンクラブ加入者の複数口応募が、特定条件下で無効となっていたことが、ANYCOLOR社からの再三の確認で明らかとなった。  ②同イベントにて開催されるライブにて、全席完売した旨の報告をしていたが、実際には1000席以上が未売であった。  https://x.com/nijisanji_app/status/1891739449375215962    なお、  ・投稿内リンク先の全文は閲覧不可となる可能性があること  ・全文に「業務内容の見直しおよび改善に取り組み、再発防止に努めてまいります」と記載とあるが、その具体的な対応内容や、その公表の有無の記載がないこと  には注意が必要です。	0	0	ja	"The ""not-selling of tickets"" here is as follows: 1 The multi-call application of the fan club members, which was disabled under specific conditions, became clear by the repeated confirmation from ANYCOLOR. 2 The live event, which was held, the full seats were sold, but in fact more than 1,000 seats were unselling. https://x.com/nijisanji_app/status/1891739449375215962 Also, the text of the post link is likely to be unvisible."	sports	0.8230832815170288	nan	
1767212676650844518	ACDEAFFFB139B80B2E421ECAC26898F741D14E8FCE5AB8EC5F7C923D66E40030	1710171309998	1767129882935332992	MISINFORMED_OR_POTENTIALLY_MISLEADING				1	0	0	0	0	1	0	0	0	0	0	0	1	Es handelt sich um eine (von derzeit vielen) bezahlten Anzeige für Crypto-Betrug auf X: Dazu wird die Seite eines News-Portals (hier: Welt.de) täuschend echt nachgebaut und die Namen von Prominenten dazu missbraucht, um den Scam zu bewerben. https://www.ndr.de/fernsehen/sendungen/zapp/Millionen-Betrug-mit-Fake-Werbung-falschmeldungen-bitcoin,zapp14246.html	0	0	de	This is a (for now many) paid ad for Crypto fraud on X: For this, the page of a news portal (here: World.de) is misguidedly re-built and the names of celebrity are misused to promote the scam. https://www.ndr.de/TV/sendings/zapp/Millions-fraud-with-fake-reklam-fake-news-bitcoin,zapp14246.html	news_&_social_concern	0.956599235534668	105 - Military: Negative	0.04083085432648659
1850826479220724024	B26282EDB7B41A14A24A22A257772C94F7461AE3F17D0DD953994C489AE172BA	1730106393996	1850660719886315743	MISINFORMED_OR_POTENTIALLY_MISLEADING				0	1	0	0	0	0	0	0	0	0	0	0	1	Lewis Hamilton is 39 years old   https://en.wikipedia.org/wiki/Lewis_Hamilton	0	0	en	Lewis Hamilton is 39 years old   https://en.wikipedia.org/wiki/Lewis_Hamilton	sports	0.9701355695724487	nan	
1714493221450006906	F9F46DE3AADFC018E71226BECF634A6DCFB0258E5F61747C5186969A2FE5A83E	1697602012393	1714485957787803860	MISINFORMED_OR_POTENTIALLY_MISLEADING				0	0	0	0	0	0	1	0	0	0	0	0	0	Es una cuenta satírica. Obviamente persigue como fin causar gracia no pretende informar   Wwww.x.com	0	0	es	It is a satirical account. obviously pursues for the purpose of causing grace does not intend to inform Wwww.x.com	news_&_social_concern	0.9521180987358093	102 - Foreign Special Relationships: Negative	0.032279741019010544
1958640523008430282	55ECE6F0350066724CFD787423318A424BA27DC161EA550F85F2E38E185F10FC	1755811265123	1958634202121044276	MISINFORMED_OR_POTENTIALLY_MISLEADING				0	1	0	0	0	0	0	0	0	0	0	0	1	JID will not perform at Camp Flog Gnaw. He is not on the crossword.    https://campfloggnaw.com/	0	0	en	JID will not perform at Camp Flog Gnaw. He is not on the crossword.    https://campfloggnaw.com/	celebrity_&_pop_culture	0.7821629047393799	nan	
1992693777765724201	0955AA84D076DBBD3981330BF71BBD48096523477A9B60736AC9DD396E53BEE5	1763930193736	1992590502013940140	MISINFORMED_OR_POTENTIALLY_MISLEADING				0	1	0	0	0	0	0	0	0	0	0	0	1	This user recently posted video proving their location in Gaza.    https://x.com/AbujomaaGaza/status/1992426283104616517    Location feature includes this disclaimer:     &quot;The country or region that an account is based can be impacted by recent travel or temporary relocation. This data may not be accurate and can change periodically.&quot;	0	0	en	This user recently posted video proving their location in Gaza.    https://x.com/AbujomaaGaza/status/1992426283104616517    Location feature includes this disclaimer:     &quot;The country or region that an account is based can be impacted by recent travel or temporary relocation. This data may not be accurate and can change periodically.&quot;	news_&_social_concern	0.9167593121528625	413 - Nationalisation	0.028654107823967934
1762947819197923402	B1D39092B8CC4A7398C49DD23614906A66E461223A9A6325600D436070B5EADA	1709154488741	1762834994651611541	NOT_MISLEADING				0	0	0	0	0	0	0	0	1	0	0	0	1	NNN. La noticia es aunque antigua es correcta.    https://www.elperiodico.com/es/sociedad/20231224/preso-agresion-sexual-funcionaria-carcel-ponent-lleida-96232704    https://www.antena3.com/noticias/sociedad/preso-agrede-sexualmente-funcionaria-carcel-lleida_2023122565894024d7b0c30001a86ef5.html	0	0	es	The news is although old is correct. https://www.elperiodico.com/es/society/20231224/prison-agression-sexual-functionary-carcer-ponent-leida-96232704 https://www.antena3.com/news/society/prison-agreed-sexual-functionary-carcer-leida_2023122565894024d7b0c30001a86ef5.html	news_&_social_concern	0.9945634007453918	105 - Military: Negative	0.033126819878816605
1805365535221465563	FCF74280AC297EBECC890D9B6D9871F2C8C3EE15E419C3F7836B80842EFAAEFA	1719267660324	1804734170628780236	NOT_MISLEADING				0	0	0	0	0	0	0	1	1	1	0	0	1	NNN - neither grummz, TPP, nor the article refer to twitter user Michisuzuki as a shareholder, but he is one. He summarizes meetings through his various channels.    https://michsuzuki.hatenablog.com/entry/2024/06/21/000206    https://michsuzuki.hatenablog.com/about    https://youtu.be/465f8_saA0U?si=HKRJ_qZVuEM19HRV	0	0	en	NNN - neither grummz, TPP, nor the article refer to twitter user Michisuzuki as a shareholder, but he is one. He summarizes meetings through his various channels.    https://michsuzuki.hatenablog.com/entry/2024/06/21/000206    https://michsuzuki.hatenablog.com/about    https://youtu.be/465f8_saA0U?si=HKRJ_qZVuEM19HRV	news_&_social_concern	0.9887162446975708	201 - Freedom and Human Rights	0.033296167850494385
1765315294132584682	F4F30D27D47FE9AF28EA6EC638AFA7E4F2A84222E74D0118E39773ECF65D8F44	1709718938751	1765031801238466817	MISINFORMED_OR_POTENTIALLY_MISLEADING				0	1	0	0	1	1	0	0	0	0	0	0	1	גדוד נצח יהודה הוא גדוד חי״ר המיועד לחרדים.  https://kfir-idf.net/%D7%A0%D7%A6%D7%97-%D7%99%D7%94%D7%95%D7%93%D7%94/  https://he.m.wikipedia.org/wiki/%D7%A0%D7%A6%D7%97_%D7%99%D7%94%D7%95%D7%93%D7%94    למרות התאמתו הייעודית של הגדוד לחיילים חרדים, הוא לא הצליח למלא את שורותיו בהם, למרות שגוייסו אליו גם דתיים לאומיים ויוצאים בשאלה - לא עמד הגדוד ביעדי הגיוס שלו, וצה״ל אף שקל אפשרות לסגור בו פלוגה.  https://www.israelhayom.co.il/news/politics/article/14025813?amp=1  https://www.israelhayom.co.il/military-life/world-news-military-life/article/11262441?amp=1	0	0	he	The Jewish Foreign Forces is a HIRBID dedicated to the HIRBID. https://kfir-idf.net/%D7%A0%D7%A6%D7%97-%D7%99%D7%94%D7%95%D7%93%D7%94/ https://he.m.wikipedia.org/wiki/%D7%A0%D7%A6%D7%97_%D7%99%D7%94%D7%95%D7%93%D7%94 despite the dedicated adaptation of the HIRBID to	news_&_social_concern	0.9912154674530029	413 - Nationalisation	0.03461072966456413
2004083470927028302	3DB2C88F21A0C5421B373B4CAAC2C507807F2D85C8914D0565E67AF1746267FE	1766645708196	2004051056079327308	MISINFORMED_OR_POTENTIALLY_MISLEADING				0	1	1	0	1	0	0	0	0	0	0	0	1	The video shows prayers at Masjid Al Jannah in Slough, UK, not Dearborn, Michigan. https://aljannah.org.uk/ https://www.youtube.com/watch?v=Wb3sTZMR14U	0	0	en	The video shows prayers at Masjid Al Jannah in Slough, UK, not Dearborn, Michigan. https://aljannah.org.uk/ https://www.youtube.com/watch?v=Wb3sTZMR14U	news_&_social_concern	0.9867375493049622	401 - Free Market Economy	0.0344526432454586
1692143432532115922	16D2236A3AD603F995BF24B20226FDBFCE865658451ED28A4FD5676EBE5A6BF6	1692273407480	1692063005805080884	MISINFORMED_OR_POTENTIALLY_MISLEADING				1	0	0	0	0	0	0	0	0	0	0	0	1	DO NOT CLICK OR DM! This is a SCAM account. The official Enosys Global account is https://x.com/enosys_global    	0	0	en	DO NOT CLICK OR DM! This is a SCAM account. The official Enosys Global account is https://x.com/enosys_global    	business_&_entrepreneurs	0.917261004447937	nan	
1763256221182660736	07BD4AEE1E21C943C6B09686F7DEDA330ED29C0226BF017F21C55FCA7A10846F	1709228017502	1763185637996257620	NOT_MISLEADING				0	0	0	0	0	0	0	0	0	0	0	1	1	La cour pénale internationale a estimé le 26 janvier 2024 que l'accusation de génocide présentée par l'Afrique du Sud était &quot;plausible&quot; et ne l'a donc pas rejetée comme la note proposée semble le suggérer.    https://en.m.wikipedia.org/wiki/South_Africa_v._Israel_(Genocide_Convention)    L'accusation de génocide n'est pas sans fondements.    https://en.m.wikipedia.org/wiki/Allegations_of_genocide_in_the_2023_Israeli_attack_on_Gaza    https://www.aljazeera.com/news/2024/2/26/has-israel-complied-with-icj-order-in-gaza-genocide-case  	0	0	fr	The International Criminal Court ruled on January 26, 2024 that the South Africa’s genocide accusation was &quot;plausible&quot; and therefore did not reject it as the proposed note seems to suggest it. https://en.m.wikipedia.org/wiki/South_Africa_v._Israel_(Genocide_Convention) The genocide accusation is not without foundation. https://en.m.wikipedia.org/wiki/Allegations_of_genocide_in_the_2023_Isra	news_&_social_concern	0.9932788014411926	601 - National Way of Life: Positive	0.03281145170331001
1821001429806461113	D6832FDBC4E98C02595ECEA02516D9A5FB5008F7117DED5398D413FAFD1C9CAC	1722995548092	1820976763381674090	MISINFORMED_OR_POTENTIALLY_MISLEADING				0	1	0	0	1	0	0	0	0	0	0	0	1	The suggested note is not correct. Cambridge Analytica, while controversial, was a data collection firm. Neither Cambridge nor the Trump campaign did not pay influencers to post on social media on their behalf as the suggested note claims. https://www.nytimes.com/2018/04/04/us/politics/cambridge-analytica-scandal-fallout.html	0	0	en	The suggested note is not correct. Cambridge Analytica, while controversial, was a data collection firm. Neither Cambridge nor the Trump campaign did not pay influencers to post on social media on their behalf as the suggested note claims. https://www.nytimes.com/2018/04/04/us/politics/cambridge-analytica-scandal-fallout.html	news_&_social_concern	0.9925054907798767	105 - Military: Negative	0.038891058415174484
1868903294183321873	F4D2E4CA66E08B99BDDE8328BBF4C2313B853B3595C8AC38600E463328C72D9D	1734416242534	1868863139942723718	MISINFORMED_OR_POTENTIALLY_MISLEADING				0	0	0	1	0	0	1	0	0	0	0	0	1	動画12:30の英国でどの年代でも、ワクチンを２－４回接種しても死亡率が下がる事はなかったとの噂ですが  https://youtu.be/HrOi9oTBU18?t=743  実際は英国の統計局の死亡解析トップの方から一貫して接種者は年齢調整後死亡率が低い事が公に示されています  https://twitter.com/Sarah__Caul/status/1627966418065956864  また、正式なプレプリントとして統計局の著者らから、背景因子統制後の２，３回接種者の非コロナ死率の低さも下記の補足資料図1として報告済です。  https://www.medrxiv.org/content/10.1101/2023.06.06.23290982v1.supplementary-material  豪でも背景因子を統制しかつ行方不明者を母集団に含まない施設高齢者を対象にすると3回以上接種者が全死因死亡率が低い事は勿論、2回の未接種者の死亡リスクの高さも消失する事が報告済です。  https://www.thelancet.com/journals/lanwpc/article/PIIS2666-6065(23)00246-8/fulltext	0	0	ja	Video 12:30 in the UK any age, the rumors that the mortality rate of the vaccine was not lower even if 2-4 times was vaccinated but https://youtu.be/HrOi9oTBU18?t=743 In fact, the UK Bureau of Statistics' Death Analysis Top is constantly shown that the vaccine has a low age-adjusted mortality rate is publicly shown https://twitter.com/Sarah__Caul/status/1627966418065956864 Also, as a formal reprint, the author of the Bureau of	fitness_&_health	0.9674699902534485	nan	
1975264849954545713	9C6E73475C891F2328BF7F0B2A13356137FCCCE3434434D003C4567A9E171664	1759774813533	1975222390771921295	NOT_MISLEADING				0	0	0	0	0	0	0	0	0	0	0	1	0	NNN: Opinion and rhetoric	0	0	en	NNN: Opinion and rhetoric	news_&_social_concern	0.9630246162414551	413 - Nationalisation	0.03322267159819603
1825083017678741583	077807E87AE3697A793174F60D2385DAFF98EC9C8EC6359F9AE9980D001DF491	1723968674473	1825035816629919912	MISINFORMED_OR_POTENTIALLY_MISLEADING				0	1	0	1	1	1	0	0	0	0	0	0	1	La France n’est pas une dictature mais une démocratie. Rien n’oblige le président de choisir un 1 ministre parmi le NFP, malgré la majorité relative.  L’utilisation du terme « officiel » retire toute possibilité que ce tweet soit un avis personnel.    https://www.conseil-constitutionnel.fr/le-bloc-de-constitutionnalite/texte-integral-de-la-constitution-du-4-octobre-1958-en-vigueur  	0	0	fr	"France is not a dictatorship but a democracy.Nothing obliges the president to choose a 1 minister among the NFP, despite the relative majority.The use of the term ""official"" removes any possibility that this tweet is a personal opinion. https://www.conseil-constitutionnel.fr/le-bloc-de-constitutionnalite/text-integral-de-la-constitution-de-4-October-1958-in-vigueur"	news_&_social_concern	0.9944444298744202	413 - Nationalisation	0.03349984064698219
1644065505483935757	13815A2EA897EB3D71D6BD1D5F68A23B7C619C9CCA72959D22484CD7D2A0EB02	1680810736424	1644055672236003333	MISINFORMED_OR_POTENTIALLY_MISLEADING				0	1	0	1	1	0	0	0	0	0	0	0	1	Rebekah Jones’s 13 year old son was arrested for threatening to commit a shooting at his middle school and making other threats. Additionally police stated that the boy wasn’t taken from his home, rather Jones turned her son in herself to Sant Rosa County Sheriffs.     https://www.pnj.com/story/news/crime/2023/04/06/rebekah-jones-son-arrested-in-florida-what-we-know-about-digital-threat-allegations/70088634007/    https://news.yahoo.com/rebekah-jones-13-old-son-155714689.html	0	0	en	Rebekah Jones’s 13 year old son was arrested for threatening to commit a shooting at his middle school and making other threats. Additionally police stated that the boy wasn’t taken from his home, rather Jones turned her son in herself to Sant Rosa County Sheriffs.     https://www.pnj.com/story/news/crime/2023/04/06/rebekah-jones-son-arrested-in-florida-what-we-know-about-digital-threat-allegations/70088634007/    https://news.yahoo.com/rebekah-jones-13-old-son-155714689.html	news_&_social_concern	0.9957654476165771	105 - Military: Negative	0.04428659379482269
1971597423588880785	61D21D495F0F455F4B30A63FCEFFE0E926A52DD711FDBB96F1DE9167EE4DD100	1758900430949	1971344892459995413	NOT_MISLEADING				0	0	0	0	0	0	0	0	0	0	1	0	0	yapma ya	0	0	sw	Do it	news_&_social_concern	0.19714874029159546	110 - European Community/Union: Negative	0.03436178341507912
1867595452570378649	111F4A03D7F1923DCEC73DD8595474B5BFA1C4E88D3224D24348DD08B82C38D9	1734104428795	1867594657338994776	MISINFORMED_OR_POTENTIALLY_MISLEADING				0	0	0	0	1	0	0	0	0	0	0	0	1	This account is impersonating @avax. Letters have been changed in the user name to fool people into misreading it as the real account.  https://x.com/avax  https://web3antivirus.io/scam-report/571200/	0	0	en	This account is impersonating @avax. Letters have been changed in the user name to fool people into misreading it as the real account.  https://x.com/avax  https://web3antivirus.io/scam-report/571200/	news_&_social_concern	0.8818922638893127	105 - Military: Negative	0.03882596269249916
1729463469404000424	0DCE0F50A2C628D88CDE70E931D10C4AF97534A3FB0D47CCC1E8FB30FFE4D990	1701171197642	1729354202982289748	MISINFORMED_OR_POTENTIALLY_MISLEADING				0	1	0	0	1	0	0	0	0	0	0	0	1	Most community notes writers are actually bots with bad algorithms and should not always be taken for granted as a reliable source.  Examples: https://twitter.com/DJSnM/status/1721894592797401572?t=Uv80kWm44LdXqOli1Rty0g&amp;s=19  https://twitter.com/tariqjmalik/status/1722015345324560428?t=oA72uq5SdY56LVD_gv6LRg&amp;s=19	0	0	en	Most community notes writers are actually bots with bad algorithms and should not always be taken for granted as a reliable source.  Examples: https://twitter.com/DJSnM/status/1721894592797401572?t=Uv80kWm44LdXqOli1Rty0g&amp;s=19  https://twitter.com/tariqjmalik/status/1722015345324560428?t=oA72uq5SdY56LVD_gv6LRg&amp;s=19	learning_&_educational	0.3006182909011841	nan	
1854086932986270149	40090CDC48983BB883AE76DFB45A28FA8FA288523762F2D3AB67A71CD4ABE21C	1730883746750	1854059190282600500	MISINFORMED_OR_POTENTIALLY_MISLEADING				0	1	0	0	0	1	1	0	0	0	0	0	1	  لا يوجد أي بيان عن توقيف العمليات    بالعكس اخر بيان صادر من المتحدث الرسمي للحوثيين يتحدث عن تصعيد العمليات     https://x.com/army21ye/status/1853153325526692327?t=5ZfD0humHORi7cNFT7FTPg&amp;s=19	0	0	ar	No comments on the arrest of the operations are the last statement issued by the official spokesman for the HTTP and the HTTP and the HTTP and the HTTP and the HTTP and the HTTP and the HTTP and the HTTP and the HTTP and the HTTP and the HTTP and the HTTP and the HTTP and the HTTP and the HTTP and the HTTP and the HTTP and the HTTP and the HTTP and the HTTP and the HTTP and	news_&_social_concern	0.9915860891342163	203 - Constitutionalism: Positive	0.03662203252315521
2011554037611561164	DAFF63AF82C670F0C5418BB0A13909385E1317F0C48F40531E52D30BFA97EAD0	1768426830090	2010938003766583595	MISINFORMED_OR_POTENTIALLY_MISLEADING				0	1	1	1	1	1	1	0	0	0	0	0	1	The Lancia Stratos Zero was not the blueprint for the Lancia Stratos rally car. However, the Bertone design house and chief designer Marcello Gandini designed the Zero to convince Lancia to let them think up a racing car to replace the Fulvia rally car.    https://www.lanciastratos.com/en/history  https://www.thelanciastory.com/stratos.html  https://en.wikipedia.org/wiki/Lancia_Stratos	1	0	en	The Lancia Stratos Zero was not the blueprint for the Lancia Stratos rally car. However, the Bertone design house and chief designer Marcello Gandini designed the Zero to convince Lancia to let them think up a racing car to replace the Fulvia rally car.    https://www.lanciastratos.com/en/history  https://www.thelanciastory.com/stratos.html  https://en.wikipedia.org/wiki/Lancia_Stratos	science_&_technology	0.8995688557624817	nan	
1814606453363069290	BC68D73144322A4F305BA0C7164729A9366B22F576F1E872D323546983DE99F5	1721470866896	1814543762447884750	NOT_MISLEADING				0	0	0	0	0	0	0	1	0	0	1	0	0	NNN - really a CN on a SpongeBob meme? Sort it out! 	0	0	en	NNN - really a CN on a SpongeBob meme? Sort it out! 	film_tv_&_video	0.9552415013313293	nan	
1997603764333633714	215F3DD7D26FD48C493AD816BAAF6BE6BD20FC1D0712E0F2FE2AF074CA7E27C2	1765100825757	1997286839015862358	MISINFORMED_OR_POTENTIALLY_MISLEADING				0	1	0	0	1	0	0	0	0	0	0	0	1	False    The EU parliament elected Ursula Van der Leyen.  The EU parliament is directly elected by the EU citizens.  She was elected just as indirectly as the US president     https://www.europarl.europa.eu/news/en/press-room/20240710IPR22812/le-parlement-reelit-ursula-von-der-leyen-a-la-presidence-de-la-commission  https://www.europarl.europa.eu/portal/en  	0	0	en	False    The EU parliament elected Ursula Van der Leyen.  The EU parliament is directly elected by the EU citizens.  She was elected just as indirectly as the US president     https://www.europarl.europa.eu/news/en/press-room/20240710IPR22812/le-parlement-reelit-ursula-von-der-leyen-a-la-presidence-de-la-commission  https://www.europarl.europa.eu/portal/en  	news_&_social_concern	0.9946737289428711	203 - Constitutionalism: Positive	0.033839400857686996
1968273283758924036	D207747AB9B395412B923F6A1BFF842996C21A954F7FDCA1C81443624696F28D	1758107894255	1967962108139802977	MISINFORMED_OR_POTENTIALLY_MISLEADING				0	0	0	1	1	0	0	0	0	0	0	0	1	Mr Feraud ne souhaite pas rendre sa déclaration de patrimoine publique :  https://x.com/jcqdse/status/1968229238257111484?s=46	0	0	fr	Mr Feraud does not wish to return his declaration of public property: https://x.com/jcqdse/status/1968229238257111484?s=46	news_&_social_concern	0.9867457747459412	703 - Agriculture and Farmers: Positive	0.030942212790250778
1861220034057801949	81187E8DB09B6DFBA2815B135A614CF9269A439D5B7EC46E29EC88615AF89ACE	1732584410573	1861215932267536541	MISINFORMED_OR_POTENTIALLY_MISLEADING				0	1	0	1	0	0	0	0	0	0	0	0	1	The ACCC reports on retail electricity costs show prices have been increasing as the proportion of renewables have increased.     https://www.accc.gov.au/about-us/publications/serial-publications/inquiry-into-the-national-electricity-market-2018-25-reports/inquiry-into-the-national-electricity-market-report-june-2024	0	0	en	The ACCC reports on retail electricity costs show prices have been increasing as the proportion of renewables have increased.     https://www.accc.gov.au/about-us/publications/serial-publications/inquiry-into-the-national-electricity-market-2018-25-reports/inquiry-into-the-national-electricity-market-report-june-2024	news_&_social_concern	0.9960407018661499	403 - Market Regulation	0.0340958796441555
1853350280748023903	5AC58F091C99BB65B2D716632764DD4827AC1CD951C468553235A00ECB18F35B	1730708115171	1853222111105749277	MISINFORMED_OR_POTENTIALLY_MISLEADING				0	0	0	0	1	0	0	0	0	0	0	0	1	In LA DST ends on November 3rd 2am. The sun setting at 4:58PM is in standard time. It felt 'better' before the time change because of daylight savings making better use of the available sunlight.    https://www.timeanddate.com/sun/usa/los-angeles  https://en.wikipedia.org/wiki/Daylight_saving_time	0	0	en	In LA DST ends on November 3rd 2am. The sun setting at 4:58PM is in standard time. It felt 'better' before the time change because of daylight savings making better use of the available sunlight.    https://www.timeanddate.com/sun/usa/los-angeles  https://en.wikipedia.org/wiki/Daylight_saving_time	news_&_social_concern	0.8810319900512695	106 - Peace	0.027296552434563637
1776228944716439572	B70A18E74F2D4C9C2DBED7E03EE12C851E000E2C202110C2AC1D60CD706FEBEF	1712320955811	1776032154851442719	MISINFORMED_OR_POTENTIALLY_MISLEADING				0	0	0	0	1	0	0	0	0	0	0	0	1	C'est une convention de non double imposition franco-sénégalaise de 1974    Même dispositif entre France et USA par exemple    Elle préserve aussi bien les entreprises sénégalaises que françaises d'être imposées chez l'autre et évite le statut de paradis fiscal    Mais pas que :    https://bofip.impots.gouv.fr/bofip/3131-PGP.html/identifiant%3DBOI-INT-CVB-SEN-40-20160728	0	0	fr	It is a non-double tax agreement between France and the United States of America of 1974 The same device between France and the United States for example It preserves both the Senegal and French companies from being imposed at the other and avoids the status of tax paradise But not only: https://bofip.impots.gouv.fr/bofip/3131-PGP.html/identifier%3DBOI-INT-CVB-SEN-40-20160728	news_&_social_concern	0.9796111583709717	701 - Labour Groups: Positive	0.038421835750341415
1890864195673231695	2A5A024D9638FD6190C707606385406E3F19564FFC9700E94BD289ACB3587540	1739652129464	1890788774025507138	MISINFORMED_OR_POTENTIALLY_MISLEADING				0	0	0	0	1	1	0	0	0	0	0	0	1	This date is very tentative. While it’s a coin toss if the launch happens on 3/11, it’s highly probable that the launch will happen in March. The trends of current construction points towards March 11th.  https://youtu.be/R1g0JGY2KMs?si=DR-DAJxvOv7UIAAS	0	0	en	This date is very tentative. While it’s a coin toss if the launch happens on 3/11, it’s highly probable that the launch will happen in March. The trends of current construction points towards March 11th.  https://youtu.be/R1g0JGY2KMs?si=DR-DAJxvOv7UIAAS	news_&_social_concern	0.7656391859054565	415 - Marxist Analysis: Positive	0.03073635697364807
1387865568037031939	E59AB0CB9EE5AA822BBCFD66C2D64F2F0D8B942ACD6EED469741239D607DFEBB	1619727911374	1387865097293504517	NOT_MISLEADING				0	0	0	0	0	0	0	0	1	0	0	0	0	His username is &quot;iFireMonkey&quot; and &quot;Monke&quot; is included in that username.	0	0	en	His username is &quot;iFireMonkey&quot; and &quot;Monke&quot; is included in that username.	other_hobbies	0.7692154049873352	nan	
1888418425506332991	2DE6C17C12B6FA77405D712035453A49DAC2C5A8AFBB77D50ABEDA7FDBA047E2	1739069012415	1885651813656920546	MISINFORMED_OR_POTENTIALLY_MISLEADING				0	1	1	0	1	1	1	0	0	0	0	0	1	実在しない「星野あおい」というミス東大の人物として挙げられていた画像と酷似しています。生成または加工されたものである可能性が高いことに留意が必要です。    ミス東大2024  https://miscolle.com/tokyo2024    歴代ミス東大まとめ  https://www.lifecolle.com/miss-toudai/    星野あおい（複数あるアカウントの一つ）  https://x.com/aoi_misstodai_2?s=21&amp;t=lAIYvxQn8POLOdovWd4dLg	1	0	ja	"It is similar to the image that was mentioned as the unreal ""Star Wars"" as the Miss East. It is noted that it is likely to be produced or processed. Miss East 2024 https://miscolle.com/tokyo2024 Historic Miss East Summary https://www.lifecolle.com/miss-toudai/ Star Wars (one of multiple accounts) https://x.com/aoi_misstodai_2?s=21&amp;t=lAIYvxQn8POLOdovWd4dLg"	film_tv_&_video	0.9839984178543091	nan	
1881852073043431861	225A9AB046AD8EB67EDD99F702739B666D605CBCE342287EF8A3D6AC8A25F9B1	1737503471992	1881700255974195592	NOT_MISLEADING				0	0	0	0	0	0	0	0	0	1	0	0	0	NNN - owning an item linked to one religion does not mean they are of that religion, axel was raised in a christian household so if anything he is more likely to have been Christian. Irregardless no note is not necessary, take it to the comments 	0	0	en	NNN - owning an item linked to one religion does not mean they are of that religion, axel was raised in a christian household so if anything he is more likely to have been Christian. Irregardless no note is not necessary, take it to the comments 	news_&_social_concern	0.9448291659355164	302 - Centralisation	0.029377372935414314
1754570053960306948	403D18F90EE3AF7669CC241878960D79672EBC297E9319EE409A8176E0BC6B90	1707157073857	1754565535520457014	MISINFORMED_OR_POTENTIALLY_MISLEADING				0	1	0	0	0	0	0	0	0	0	0	0	1	The King is not stepping back from his duties as Monarch and Head of State.    Buckingham Palace stated that “ His Majesty will continue to undertake State business and official paperwork as usual.”    He I will only “postpone public-facing duties”.     https://twitter.com/royalfamily/status/1754565735655887066?s=46&amp;t=AE-tuvxTkn-CteD894mbSw	0	0	en	The King is not stepping back from his duties as Monarch and Head of State.    Buckingham Palace stated that “ His Majesty will continue to undertake State business and official paperwork as usual.”    He I will only “postpone public-facing duties”.     https://twitter.com/royalfamily/status/1754565735655887066?s=46&amp;t=AE-tuvxTkn-CteD894mbSw	news_&_social_concern	0.9948204755783081	203 - Constitutionalism: Positive	0.029253924265503883
1811404596272624096	EC10083F9323D5F62C2CB917CEF297C1C6D5BAED6A3231B467B0943AC4213C91	1720707484677	1811334198063460482	MISINFORMED_OR_POTENTIALLY_MISLEADING				0	1	0	1	1	0	0	0	0	0	0	0	1	Hors contexte : ces propos datent de 2020 et ne sont absolument pas associés au contexte actuel des législatives 2024.    https://lanouvelletribune.info/2020/05/emmanuel-macron-craint-larrivee-dun-dingue-a-lelysee-selon-un-proche/	0	0	fr	Out of context: these statements date from 2020 and are absolutely not associated with the current context of the 2024. https://lanouvelletribune.info/2020/05/emmanuel-macron-craint-larrivee-dun-dingue-a-lelysee-selon-un-proche/	news_&_social_concern	0.9916254878044128	110 - European Community/Union: Negative	0.030650559812784195
1623316765852704771	F41260AC9C927E2C6DE68DF009B9B751074DE002CB7E8E84468C79FFA27BBF33	1675863851403	1623120854748958724	MISINFORMED_OR_POTENTIALLY_MISLEADING				0	0	0	0	0	0	1	0	0	0	0	0	1	This video is a parody of the 2023 State of the Union by President Biden. This was created by @JuuustinBrown. The unaltered SOTU can be seen here: https://www.youtube.com/live/gzcBTUvVp7M?feature=share	0	0	en	This video is a parody of the 2023 State of the Union by President Biden. This was created by @JuuustinBrown. The unaltered SOTU can be seen here: https://www.youtube.com/live/gzcBTUvVp7M?feature=share	news_&_social_concern	0.9907230734825134	601 - National Way of Life: Positive	0.032181430608034134
1722759803682824276	F3F942ECC690A49CE0261CE55D7CBA8B101AAA686E529EC80055428DA1CD20B4	1699572919190	1722654505123074222	MISINFORMED_OR_POTENTIALLY_MISLEADING				0	0	1	0	0	0	1	0	0	0	0	0	1	La imagen publicada es un meme de las imágenes originales que han sido adulteradas. Las imágenes originales pueden ser encontradas aquí: https://www.instagram.com/p/CzZwpZcrZQq/?igshid=ZDhwMHZvZTV4Mm1t	0	0	es	The image published is a meme of the original images that have been adultered. The original images can be found here: https://www.instagram.com/p/CzZwpZcrQq/?igshid=ZDhwMHZvZTV4Mm1t	news_&_social_concern	0.8037496209144592	302 - Centralisation	0.03137270361185074
1742857176652374418	ED90F8FBF4A3F647CAE24179DCFD4B3ED1624CF5C04CDCE3C1A543FE580A6BD2	1704364506292	1742694306060845246	MISINFORMED_OR_POTENTIALLY_MISLEADING				0	1	0	0	1	0	0	0	0	0	0	0	1	国土地理院および国内の民間測量会社が空撮画像を公開しており、外国の衛星画像に依存している状態ではありません。  https://www.gsi.go.jp/BOUSAI/20240101_noto_earthquake.html  https://www.aeroasahi.co.jp/news/649/  https://www.ajiko.co.jp/news_detail/1439  https://corp.pasco.co.jp/disaster/earthquake/20240102.html  https://www.nnk.co.jp/news/n_research/news202401.html	0	0	ja	The National Land Council and domestic private measurement companies have published air-shots and are not dependent on foreign satellite images. https://www.gsi.go.jp/BOUSAI/20240101_noto_earthquake.html https://www.aeroasahi.co.jp/news/649/ https://www.ajiko.co.jp/news_detail/1439 https://corp.pasco.co.jp/disaster/earthquake/20240102.html https://www.nnk.co.	news_&_social_concern	0.9875301122665405	606 - Civic Mindedness: Positive	0.039224594831466675
1962750552846074268	A799848EEE2B96842E05DC5F907FD207E4B1FF4E7904E99578DBC4DF3C0B19B4	1756791172597	1962494233358516707	NOT_MISLEADING				0	0	0	0	0	0	0	0	0	0	1	0	0	Óbvio que é uma brincadeira. A página já fez várias postagens com esse tom satírico 🙄 Não precisa de nota 	0	0	pt	The page has already made several posts with this satiric tone 🙁 No need to note	news_&_social_concern	0.883562445640564	413 - Nationalisation	0.03296724334359169
1984193242829635826	ED0C054F6C604705F925ECD1715AFCCE91BBC5ECF6F695C2F45627F5624238DA	1761903508275	1984024039850197436	NOT_MISLEADING				0	0	0	0	0	0	0	0	1	0	1	0	1	NNN While the comment is mainly made as a joke, by the definition of the word, President Trump is a former worker at a McDonalds as he served food to customers. OP didn’t claim he was a former employee. Please keep any disagreements to the comments.    https://www.merriam-webster.com/dictionary/worker	0	0	en	NNN While the comment is mainly made as a joke, by the definition of the word, President Trump is a former worker at a McDonalds as he served food to customers. OP didn’t claim he was a former employee. Please keep any disagreements to the comments.    https://www.merriam-webster.com/dictionary/worker	news_&_social_concern	0.9977067708969116	105 - Military: Negative	0.03787465766072273
1829004521080541265	E9E507A003BB6030124B9BFE65AB618676BE6E2A11B0FF28E1E857C73578B5F1	1724903633746	1828845150522736799	MISINFORMED_OR_POTENTIALLY_MISLEADING				0	0	0	0	1	0	0	0	0	0	0	0	1	O suposto especialista não apresenta no vídeo seu currículo e tentar impor uma visão pessoal e emocional, indo contra um fato científico comprovado, Promovendo  desinformação.  https://www.unifev.edu.br/material2/sue_media/etapa1/cadernos_digitais/material_yY8FznPjatyFi2DWyO.pdf  https://www.sabra.org.br/site/musica-classica-criancas/  https://www.nationalgeographicbrasil.com/ciencia/2023/11/quais-beneficios-a-musica-pode-trazer-para-os-bebes	0	0	pt	The alleged expert does not present in the video your curriculum and try to impose a personal and emotional vision, going against a scientific fact proven, promoting disinformation. https://www.unifev.edu.br/material2/sue_media/stage1/cadernos_digitais/material_yY8FznPjatyFi2DWyO.pdf https://www.sabra.org.br/site/musica-classica-criancas/ https://www.nationalgeographicbrasil.com/sciencia/2023/11/	news_&_social_concern	0.9452050924301147	105 - Military: Negative	0.0329681821167469
1776983341469970436	12CC3862C94D02496FB5024BB2E21570E2135A5CA1FB12AB0FB09FAF00A0D357	1712500818017	1776770615682208223	MISINFORMED_OR_POTENTIALLY_MISLEADING				0	1	0	0	0	1	0	0	0	0	0	0	1	This post is not factual. The man was beaten for having an extramarital affair via https://x.com/dintentdata/status/1770042680514392355?s=46&amp;t=PoREY5KzzfSC80xssVXZqQ	0	0	en	This post is not factual. The man was beaten for having an extramarital affair via https://x.com/dintentdata/status/1770042680514392355?s=46&amp;t=PoREY5KzzfSC80xssVXZqQ	news_&_social_concern	0.9157590270042419	105 - Military: Negative	0.03767429292201996
2000512904185954309	25B84E2D3568AB69B9B3D7EA5CE947515E42C023ED47229B51804A6F131E0EE2	1765794418748	2000209498686820673	MISINFORMED_OR_POTENTIALLY_MISLEADING				0	0	1	1	0	1	0	0	0	0	0	0	1	الصورة مولدة بالذكاء الاصطناعي من خلال تداخل اليد اليمنى مع يد الكرسي المتحرك بالاضافة الى وجود (٧) اصابع باليد اليمنى وهالشي غير صحيح. تفاصيل التحقيق بالرابط:  https://t4p.co/article/2025-12-13-truth-about-ahmed-althawwaq-photo	0	0	ar	Image generated by artificial intelligence by interfering the right hand with the hand of the moving chair as well as having (7) fingers with the right hand and the halls incorrect. Details of the investigation link: https://t4p.co/article/2025-12-13-truth-about-ahmed-althawwaq-photo	science_&_technology	0.9490194916725159	nan	
1848763800725393731	2CB30FC8C4CD7007C2B9C4FC8755B3444903EFC76FD1DD96762AED685AEAC8A6	1729614613121	1848723940006416470	NOT_MISLEADING				0	0	0	0	0	0	0	0	1	0	0	0	0	NNN - Ta nota to jakaś kpina. Jakby ktoś pomylił NN  z miejscem na zwykły komentarz. Abstrahując od faktu, że jest totalnie stronnicza i wyraża osobiste przekonania, nie wnosi nic do prywatnej opinii autora posta.	0	0	pl	NNN - This note is some kind of a pipe. As if someone mistaken NN with a place on a usual comment. Abstracting from the fact that it is totally side-side and expresses personal beliefs, it does not bring anything to the private opinion of the author of the post.	news_&_social_concern	0.9349418878555298	102 - Foreign Special Relationships: Negative	0.031909193843603134
1798847817399603601	4ABE6203F10279A89C2A3C09E70B746A68D327698E0FC5F06B79365FFE86469B	1717713715302	1798846840659693575	MISINFORMED_OR_POTENTIALLY_MISLEADING				0	1	0	0	1	0	0	0	0	0	0	0	1	THIS IS A SCAM.     This fake promotion is not from @elonmusk or the @Tesla verified account, and is not a Tesla event.     This same scam has been repeated over and over jumping from account to account. It has been repeatedly reported.     X Policy:  https://help.twitter.com/en/rules-and-policies/financial-scam    https://www.forbes.com/sites/mattnovak/2023/07/23/spacex-crypto-scams-featuring-elon-musks-photo-still-common-on-twitter/    https://consumer.ftc.gov/articles/what-know-about-cryptocurrency-and-scams#scams    https://www.bitdefender.com/blog/hotforsecurity/twitter-and-youtube-crypto-scams-are-rampant-what-do-they-have-in-common/    https://medium.com/giveaway-com/3-ways-to-spot-a-fake-social-media-giveaway-and-protect-yourself-from-scams-de687949b18a	1	0	en	THIS IS A SCAM.     This fake promotion is not from @elonmusk or the @Tesla verified account, and is not a Tesla event.     This same scam has been repeated over and over jumping from account to account. It has been repeatedly reported.     X Policy:  https://help.twitter.com/en/rules-and-policies/financial-scam    https://www.forbes.com/sites/mattnovak/2023/07/23/spacex-crypto-scams-featuring-elon-musks-photo-still-common-on-twitter/    https://consumer.ftc.gov/articles/what-know-about-cryptocurrency-and-scams#scams    https://www.bitdefender.com/blog/hotforsecurity/twitter-and-youtube-crypto-scams-are-rampant-what-do-they-have-in-common/    https://medium.com/giveaway-com/3-ways-to-spot-a-fake-social-media-giveaway-and-protect-yourself-from-scams-de687949b18a	business_&_entrepreneurs	0.9830724000930786	nan	
1995023415741149536	1818086E63D7C7E6FAA177317CF9CAFD9D63EA3145F1A82800B7C4613D1E7BE4	1764485622712	1994535001904615512	MISINFORMED_OR_POTENTIALLY_MISLEADING				0	1	0	0	1	0	0	0	0	0	0	0	1	The image clearly shows that the article was published on 27th October of 2007 , which is exactly 2 months before Benazir's death on 27th December the same year.   As khan said, Aik to parhy light Nahi or koshish Bhi Nahi karty.  https://x.com/ayeshaijazkhan/status/1994535001904615512?t=jRpqadZvdTP_rVug1gSb7g&amp;s=19	0	0	en	The image clearly shows that the article was published on 27th October of 2007 , which is exactly 2 months before Benazir's death on 27th December the same year.   As khan said, Aik to parhy light Nahi or koshish Bhi Nahi karty.  https://x.com/ayeshaijazkhan/status/1994535001904615512?t=jRpqadZvdTP_rVug1gSb7g&amp;s=19	news_&_social_concern	0.9879692792892456	413 - Nationalisation	0.03308502957224846
1831689016942485903	2C1C00C638EAB5E79DFCD96CBE25CEAB5AE2BC0333EC4322AE0363D20C72EDCB	1725543667431	1831677933406048289	MISINFORMED_OR_POTENTIALLY_MISLEADING				0	1	0	0	1	0	0	0	0	0	0	0	1	FALSO. La nota que comparte habla del crecimiento en la pobreza durante el primer semestre del año donde el país se encontraba bajo el gobierno de Javier Milei.    Definición de semestre: Período de 6 meses  Fuente: https://dle.rae.es/semestre    La presidencia de Milei comenzó el 10 de Diciembre.  Fuente: https://es.m.wikipedia.org/wiki/Presidencia_de_Javier_Milei	0	0	es	FALSE. the note you share speaks of poverty growth during the first half of the year where the country was under Javier Milei’s government. Semester definition: 6 months Source: https://dle.rae.es/semester Milei’s presidency began on December 10. Source: https://es.m.wikipedia.org/wiki/Presidence_de_Javier_Milei	news_&_social_concern	0.9783155918121338	110 - European Community/Union: Negative	0.031802836805582047
1994164107407183922	C43358AD037726ABC8169477902753ACE0332C60FC547CCCC5C846124D1783E7	1764280747640	1994136939935490186	MISINFORMED_OR_POTENTIALLY_MISLEADING				0	1	1	1	1	1	1	0	0	0	0	0	1	O PL diz que está defendendo Bolsonaro porém na verdade cumpre ordens ilegais em seu desfavor.    Fonte: https://x.com/NewsLiberdade/status/1994137016439853083	0	0	pt	The PL says it is defending Bolsonaro but actually fulfills illegal orders in his defect. Source: https://x.com/NewsLiberdade/status/1994137016439853083	news_&_social_concern	0.9936937689781189	413 - Nationalisation	0.036290984600782394
1725828991519440960	D500DB7B6B7B158B13DDC48450CB50FD05D58F984838257F0C0AC58773EBCC4F	1700304670589	1725581681774702868	MISINFORMED_OR_POTENTIALLY_MISLEADING				1	1	0	0	1	1	0	0	0	0	0	0	1	The soldier shown in this video was suspended the moment his commanders were notified of this event. IDF spokesman described this as a very grave event, violating IDF's core values:    https://www.timesofisrael.com/liveblog_entry/idf-suspends-soldier-who-threw-stun-grenade-into-west-bank-mosque/    https://www.haaretz.co.il/news/politics/2023-11-17/ty-article/0000018b-dee0-d867-abab-dfe42db10000    Hamas; &quot;Headquartered in Gaza City, it has a presence in the West Bank&quot;.    https://en.wikipedia.org/wiki/Hamas#:~:text=Headquartered%20in%20Gaza%20City%2C%20it%20has%20a%20presence%20in%20the%20West%20Bank	0	0	en	The soldier shown in this video was suspended the moment his commanders were notified of this event. IDF spokesman described this as a very grave event, violating IDF's core values:    https://www.timesofisrael.com/liveblog_entry/idf-suspends-soldier-who-threw-stun-grenade-into-west-bank-mosque/    https://www.haaretz.co.il/news/politics/2023-11-17/ty-article/0000018b-dee0-d867-abab-dfe42db10000    Hamas; &quot;Headquartered in Gaza City, it has a presence in the West Bank&quot;.    https://en.wikipedia.org/wiki/Hamas#:~:text=Headquartered%20in%20Gaza%20City%2C%20it%20has%20a%20presence%20in%20the%20West%20Bank	news_&_social_concern	0.9926357865333557	203 - Constitutionalism: Positive	0.03285299614071846
1900251549558817137	A3F9CEB85E980BBACCC70C2FC0B9F3E47336734D8D169E489FA02A98308947D0	1741890249039	1900219911181406255	MISINFORMED_OR_POTENTIALLY_MISLEADING				0	1	1	0	1	0	0	0	0	0	0	0	1	This is not a 3D model.    Google Gemini 2.0 Flash Experimental can only produces as output text and images. It does not produce 3D models.    This is an image output.    https://developers.googleblog.com/en/experiment-with-gemini-20-flash-native-image-generation/	0	0	en	This is not a 3D model.    Google Gemini 2.0 Flash Experimental can only produces as output text and images. It does not produce 3D models.    This is an image output.    https://developers.googleblog.com/en/experiment-with-gemini-20-flash-native-image-generation/	science_&_technology	0.9581865668296814	nan	
1747990054725652863	D1A9F7A5876F81D94E7109659360397E738CD2B0062475F3AB1CF969E52CE96B	1705588279786	1747941664969162890	MISINFORMED_OR_POTENTIALLY_MISLEADING				0	0	0	1	1	0	0	0	0	0	0	0	1	Stating ‘almost half of Poland and the Suwalki corridor were left without GPS’ is plain wrong.     The red hexagons shows that more than 10% of the aircrafts experienced reduced navigation accuracy, but not when the disturbances occurred during a 24hr period.    https://gpsjam.org/faq/	0	0	en	Stating ‘almost half of Poland and the Suwalki corridor were left without GPS’ is plain wrong.     The red hexagons shows that more than 10% of the aircrafts experienced reduced navigation accuracy, but not when the disturbances occurred during a 24hr period.    https://gpsjam.org/faq/	news_&_social_concern	0.9887291193008423	606 - Civic Mindedness: Positive	0.0338037833571434
1832879645643137057	EBA4BE255044C7F9FC4A31F7D30E4D76826F4AF65B8F4A41E8D6AF3556C881AA	1725827535435	1832833435322253470	NOT_MISLEADING				0	0	0	0	0	0	0	0	0	0	0	1	0	Nobody care. 	0	0	cy	No one care.	diaries_&_daily_life	0.6140151619911194	nan	
